CalcTime,EI_0.CalcPotential,EI_0.CalcCurrent,Correctedtime,Index
6.130122984522927,0.349700927734375,3.520507812500001e-05,0.0,1
6.180122984396689,0.349761962890625,3.520507812500001e-05,0.049999999873762135,2
6.2301229842704515,0.3497314453125,3.52020263671875e-05,0.09999999974752427,3
6.280122984144214,0.34979248046875,3.52020263671875e-05,0.1499999996212864,4
6.330122984017976,0.34979248046875,3.52020263671875e-05,0.19999999949504854,5
6.380122983891738,0.34881591796875,3.53271484375e-05,0.24999999936881068,6
6.4301229837655,0.34967041015625,3.53271484375e-05,0.2999999992425728,7
6.480122983639262,0.349700927734375,3.53271484375e-05,0.34999999911633495,8
6.530122983513024,0.34967041015625,3.53271484375e-05,0.3999999989900971,9
6.5801229833867865,0.34967041015625,3.53271484375e-05,0.4499999988638592,10
6.630122983260549,0.349639892578125,3.53271484375e-05,0.49999999873762135,11
6.680122983134311,0.349609375,3.53271484375e-05,0.5499999986113835,12
6.730122983008073,0.349609375,3.53271484375e-05,0.5999999984851456,13
6.780122982881835,0.34967041015625,3.53271484375e-05,0.6499999983589078,14
6.830122982755597,0.349639892578125,3.53271484375e-05,0.6999999982326699,15
6.880122982629359,0.349639892578125,3.53271484375e-05,0.749999998106432,16
6.930122982503121,0.349700927734375,3.53271484375e-05,0.7999999979801942,17
6.9801229823768836,0.349639892578125,3.53271484375e-05,0.8499999978539563,18
7.030122982250646,0.34967041015625,3.53271484375e-05,0.8999999977277184,19
7.080122982124408,0.349639892578125,3.53271484375e-05,0.9499999976014806,20
7.13012298199817,0.349639892578125,3.53271484375e-05,0.9999999974752427,21
7.180122981871932,0.349639892578125,3.53271484375e-05,1.0499999973490048,22
7.230122981745694,0.349609375,3.53271484375e-05,1.099999997222767,23
7.280122981619456,0.34967041015625,3.53271484375e-05,1.1499999970965291,24
7.3301229814932185,0.34967041015625,3.53302001953125e-05,1.1999999969702912,25
7.380122981366981,0.34967041015625,3.53271484375e-05,1.2499999968440534,26
7.430122981240743,0.349639892578125,3.53271484375e-05,1.2999999967178155,27
7.480122981114505,0.349609375,3.53271484375e-05,1.3499999965915777,28
7.530122980988267,0.349639892578125,3.53302001953125e-05,1.3999999964653398,29
7.580122980862029,0.34967041015625,3.53302001953125e-05,1.449999996339102,30
7.630122980735791,0.34967041015625,3.53271484375e-05,1.499999996212864,31
7.6801229806095535,0.34967041015625,3.53271484375e-05,1.5499999960866262,32
7.730122980483316,0.34967041015625,3.53271484375e-05,1.5999999959603883,33
7.780122980357078,0.349639892578125,3.53302001953125e-05,1.6499999958341505,34
7.83012298023084,0.34967041015625,3.53302001953125e-05,1.6999999957079126,35
7.880122980104602,0.34967041015625,3.53302001953125e-05,1.7499999955816747,36
7.930122979978364,0.349639892578125,3.53302001953125e-05,1.7999999954554369,37
7.980122979852126,0.349609375,3.53302001953125e-05,1.849999995329199,38
8.030122979725888,0.349639892578125,3.53302001953125e-05,1.8999999952029611,39
8.08012297959965,0.34967041015625,3.53302001953125e-05,1.9499999950767233,40
8.130122979473413,0.34967041015625,3.53302001953125e-05,1.9999999949504854,41
8.180122979347175,0.349609375,3.53302001953125e-05,2.0499999948242476,42
8.230122979220937,0.349609375,3.53302001953125e-05,2.0999999946980097,43
8.280122979094699,0.34967041015625,3.53302001953125e-05,2.149999994571772,44
8.330122978968461,0.34967041015625,3.53302001953125e-05,2.199999994445534,45
8.380122978842223,0.349639892578125,3.53302001953125e-05,2.249999994319296,46
8.430122978715985,0.349609375,3.53302001953125e-05,2.2999999941930582,47
8.480122978589748,0.349639892578125,3.53302001953125e-05,2.3499999940668204,48
8.53012297846351,0.349639892578125,3.53302001953125e-05,2.3999999939405825,49
8.580122978337272,0.34967041015625,3.53302001953125e-05,2.4499999938143446,50
8.630122978211034,0.349639892578125,3.53302001953125e-05,2.4999999936881068,51
8.680122978084796,0.349700927734375,3.53302001953125e-05,2.549999993561869,52
8.730122977958558,0.349639892578125,3.53302001953125e-05,2.599999993435631,53
8.78012297783232,0.349639892578125,3.53302001953125e-05,2.649999993309393,54
8.830122977706083,0.349609375,3.53302001953125e-05,2.6999999931831553,55
8.880122977579845,0.349639892578125,3.53302001953125e-05,2.7499999930569174,56
8.930122977453607,0.349639892578125,3.53302001953125e-05,2.7999999929306796,57
8.980122977327369,0.349609375,3.53302001953125e-05,2.8499999928044417,58
9.030122977201131,0.349639892578125,3.53302001953125e-05,2.899999992678204,59
9.080122977074893,0.34967041015625,3.53302001953125e-05,2.949999992551966,60
9.130122976948655,0.34967041015625,3.53302001953125e-05,2.999999992425728,61
9.180122976822418,0.349639892578125,3.53302001953125e-05,3.0499999922994903,62
9.23012297669618,0.349639892578125,3.53302001953125e-05,3.0999999921732524,63
9.280122976569942,0.34967041015625,3.53302001953125e-05,3.1499999920470145,64
9.330122976443704,0.34967041015625,3.53302001953125e-05,3.1999999919207767,65
9.380122976317466,0.349639892578125,3.53302001953125e-05,3.249999991794539,66
9.430122976191228,0.349639892578125,3.53302001953125e-05,3.299999991668301,67
9.48012297606499,0.349639892578125,3.53302001953125e-05,3.349999991542063,68
9.530122975938752,0.34967041015625,3.53302001953125e-05,3.399999991415825,69
9.580122975812515,0.349639892578125,3.53302001953125e-05,3.4499999912895873,70
9.630122975686277,0.34967041015625,3.53302001953125e-05,3.4999999911633495,71
9.680122975560039,0.349578857421875,3.53302001953125e-05,3.5499999910371116,72
9.730122975433801,0.349609375,3.53302001953125e-05,3.5999999909108737,73
9.780122975307563,0.349639892578125,3.53302001953125e-05,3.649999990784636,74
9.830122975181325,0.349639892578125,3.53302001953125e-05,3.699999990658398,75
9.880122975055087,0.349700927734375,3.53302001953125e-05,3.74999999053216,76
9.93012297492885,0.349639892578125,3.53302001953125e-05,3.7999999904059223,77
9.980122974802612,0.349700927734375,3.53302001953125e-05,3.8499999902796844,78
10.030122974676374,0.34967041015625,3.53302001953125e-05,3.8999999901534466,79
10.080122974550136,0.349609375,3.53302001953125e-05,3.9499999900272087,80
10.130122974423898,0.34967041015625,3.53302001953125e-05,3.999999989900971,81
10.18012297429766,0.34967041015625,3.53302001953125e-05,4.049999989774733,82
10.230122974171422,0.349609375,3.53302001953125e-05,4.099999989648495,83
10.280122974045184,0.349639892578125,3.53302001953125e-05,4.149999989522257,84
10.330122973918947,0.349700927734375,3.53302001953125e-05,4.199999989396019,85
10.380122973792709,0.349639892578125,3.53302001953125e-05,4.2499999892697815,86
10.430122973666471,0.34967041015625,3.53302001953125e-05,4.299999989143544,87
10.480122973540233,0.349609375,3.53302001953125e-05,4.349999989017306,88
10.530122973413995,0.349639892578125,3.53302001953125e-05,4.399999988891068,89
10.580122973287757,0.349609375,3.53302001953125e-05,4.44999998876483,90
10.63012297316152,0.349639892578125,3.53302001953125e-05,4.499999988638592,91
10.680122973035282,0.34967041015625,3.53302001953125e-05,4.549999988512354,92
10.730122972909044,0.349639892578125,3.53302001953125e-05,4.5999999883861165,93
10.780122972782806,0.34967041015625,3.53302001953125e-05,4.649999988259879,94
10.830122972656568,0.349700927734375,3.53302001953125e-05,4.699999988133641,95
10.88012297253033,0.34967041015625,3.53302001953125e-05,4.749999988007403,96
10.930122972404092,0.34967041015625,3.53302001953125e-05,4.799999987881165,97
10.980122972277854,0.349639892578125,3.53302001953125e-05,4.849999987754927,98
11.030122972151617,0.34967041015625,3.53302001953125e-05,4.899999987628689,99
11.080122972025379,0.349639892578125,3.53302001953125e-05,4.949999987502451,100
11.13012297189914,0.34967041015625,3.53302001953125e-05,4.9999999873762135,101
11.180122971772903,0.349639892578125,3.53302001953125e-05,5.049999987249976,102
11.230122971646665,0.349639892578125,3.53302001953125e-05,5.099999987123738,103
11.280122971520427,0.349639892578125,3.53302001953125e-05,5.1499999869975,104
11.33012297139419,0.349639892578125,3.53302001953125e-05,5.199999986871262,105
11.380122971267951,0.349639892578125,3.53302001953125e-05,5.249999986745024,106
11.430122971141714,0.34967041015625,3.53302001953125e-05,5.299999986618786,107
11.480122971015476,0.34967041015625,3.53302001953125e-05,5.3499999864925485,108
11.530122970889238,0.34967041015625,3.53302001953125e-05,5.399999986366311,109
11.580122970763,0.34967041015625,3.53302001953125e-05,5.449999986240073,110
11.630122970636762,0.349639892578125,3.53302001953125e-05,5.499999986113835,111
11.680122970510524,0.349639892578125,3.53302001953125e-05,5.549999985987597,112
11.730122970384286,0.349609375,3.53302001953125e-05,5.599999985861359,113
11.780122970258049,0.34967041015625,3.53302001953125e-05,5.649999985735121,114
11.83012297013181,0.349609375,3.53302001953125e-05,5.699999985608883,115
11.880122970005573,0.34967041015625,3.53302001953125e-05,5.749999985482646,116
11.930122969879335,0.349639892578125,3.53302001953125e-05,5.799999985356408,117
11.980122969753097,0.34967041015625,3.53302001953125e-05,5.84999998523017,118
12.03012296962686,0.349639892578125,3.53302001953125e-05,5.899999985103932,119
12.080122969500621,0.349639892578125,3.53302001953125e-05,5.949999984977694,120
12.130122969374384,0.349639892578125,3.53302001953125e-05,5.999999984851456,121
12.180122969248146,0.34967041015625,3.53302001953125e-05,6.049999984725218,122
12.230122969121908,0.349639892578125,3.53302001953125e-05,6.0999999845989805,123
12.28012296899567,0.349639892578125,3.53302001953125e-05,6.149999984472743,124
12.330122968869432,0.349639892578125,3.53302001953125e-05,6.199999984346505,125
12.380122968743194,0.34967041015625,3.53302001953125e-05,6.249999984220267,126
12.430122968616956,0.349639892578125,3.53302001953125e-05,6.299999984094029,127
12.480122968490718,0.349609375,3.53302001953125e-05,6.349999983967791,128
12.53012296836448,0.34967041015625,3.53302001953125e-05,6.399999983841553,129
12.580122968238243,0.34967041015625,3.53302001953125e-05,6.4499999837153155,130
12.630122968112005,0.349700927734375,3.53302001953125e-05,6.499999983589078,131
12.680122967985767,0.349609375,3.53302001953125e-05,6.54999998346284,132
12.73012296785953,0.349609375,3.53302001953125e-05,6.599999983336602,133
12.780122967733291,0.34967041015625,3.53302001953125e-05,6.649999983210364,134
12.830122967607053,0.34967041015625,3.53302001953125e-05,6.699999983084126,135
12.880122967480816,0.349609375,3.53302001953125e-05,6.749999982957888,136
12.930122967354578,0.34967041015625,3.53302001953125e-05,6.79999998283165,137
12.98012296722834,0.349609375,3.53302001953125e-05,6.8499999827054125,138
13.030122967102102,0.34967041015625,3.53302001953125e-05,6.899999982579175,139
13.080122966975864,0.349639892578125,3.53302001953125e-05,6.949999982452937,140
13.130122966849626,0.34967041015625,3.53302001953125e-05,6.999999982326699,141
13.180122966723388,0.349609375,3.53302001953125e-05,7.049999982200461,142
13.23012296659715,0.34967041015625,3.53302001953125e-05,7.099999982074223,143
13.280122966470913,0.349639892578125,3.53302001953125e-05,7.149999981947985,144
13.330122966344675,0.349639892578125,3.53302001953125e-05,7.1999999818217475,145
13.380122966218437,0.3497314453125,3.53302001953125e-05,7.24999998169551,146
13.430122966092199,0.349700927734375,3.53302001953125e-05,7.299999981569272,147
13.480122965965961,0.349639892578125,3.53302001953125e-05,7.349999981443034,148
13.530122965839723,0.34967041015625,3.53302001953125e-05,7.399999981316796,149
13.580122965713485,0.349609375,3.53302001953125e-05,7.449999981190558,150
13.630122965587248,0.34967041015625,3.53302001953125e-05,7.49999998106432,151
13.68012296546101,0.34967041015625,3.53302001953125e-05,7.5499999809380824,152
13.730122965334772,0.349639892578125,3.53302001953125e-05,7.599999980811845,153
13.780122965208534,0.349639892578125,3.53302001953125e-05,7.649999980685607,154
13.830122965082296,0.34967041015625,3.53302001953125e-05,7.699999980559369,155
13.880122964956058,0.34967041015625,3.53302001953125e-05,7.749999980433131,156
13.93012296482982,0.349639892578125,3.53302001953125e-05,7.799999980306893,157
13.980122964703583,0.349700927734375,3.53302001953125e-05,7.849999980180655,158
14.030122964577345,0.349639892578125,3.53302001953125e-05,7.899999980054417,159
14.080122964451107,0.349639892578125,3.53302001953125e-05,7.9499999799281795,160
